,datetime,station_antwerp,station_paris,station_london
0,2019-05-07 02:00:00,NULL,NULL,23.0
1,2019-05-07 03:00:00,50.5,25.0,19.0
2,2019-05-07 04:00:00,45.0,27.7,19.0
3,2019-05-07 05:00:00,NULL,50.4,16.0
4,2019-05-07 06:00:00,NULL,61.9,NULL
5,2019-05-07 07:00:00,NULL,72.4,26.0
6,2019-05-07 08:00:00,NULL,77.7,32.0
7,2019-05-07 09:00:00,NULL,67.9,32.0
8,2019-05-07 10:00:00,NULL,56.0,28.0
9,2019-05-07 11:00:00,NULL,34.5,21.0
10,2019-05-07 12:00:00,NULL,20.1,21.0
11,2019-05-07 13:00:00,NULL,13.0,18.0
12,2019-05-07 14:00:00,NULL,10.6,20.0
13,2019-05-07 15:00:00,NULL,13.2,18.0
14,2019-05-07 16:00:00,NULL,11.0,20.0
15,2019-05-07 17:00:00,NULL,11.7,20.0
16,2019-05-07 18:00:00,NULL,18.2,21.0
17,2019-05-07 19:00:00,NULL,22.3,20.0
18,2019-05-07 20:00:00,NULL,21.4,20.0
19,2019-05-07 21:00:00,NULL,26.8,24.0
20,2019-05-07 22:00:00,NULL,36.2,24.0
21,2019-05-07 23:00:00,NULL,33.9,NULL
22,2019-05-08 00:00:00,NULL,35.8,24.0
23,2019-05-08 01:00:00,NULL,34.0,19.0
24,2019-05-08 02:00:00,NULL,22.1,19.0
25,2019-05-08 03:00:00,23.0,19.6,20.0
26,2019-05-08 04:00:00,20.5,15.3,20.0
27,2019-05-08 05:00:00,NULL,13.5,19.0
28,2019-05-08 06:00:00,NULL,15.5,19.0
29,2019-05-08 07:00:00,NULL,19.3,29.0
30,2019-05-08 08:00:00,NULL,21.7,34.0
31,2019-05-08 09:00:00,NULL,19.5,36.0
32,2019-05-08 10:00:00,NULL,17.0,33.0
33,2019-05-08 11:00:00,NULL,19.7,28.0
34,2019-05-08 12:00:00,NULL,33.4,27.0
35,2019-05-08 13:00:00,NULL,21.4,26.0
36,2019-05-08 14:00:00,NULL,15.1,26.0
37,2019-05-08 15:00:00,NULL,14.3,24.0
38,2019-05-08 16:00:00,NULL,25.3,27.0
39,2019-05-08 17:00:00,NULL,26.0,28.0
40,2019-05-08 18:00:00,NULL,38.6,31.0
41,2019-05-08 19:00:00,NULL,29.3,40.0
42,2019-05-08 20:00:00,NULL,27.8,25.0
43,2019-05-08 21:00:00,NULL,41.3,29.0
44,2019-05-08 22:00:00,NULL,38.3,26.0
45,2019-05-08 23:00:00,NULL,48.9,NULL
46,2019-05-09 00:00:00,NULL,32.2,25.0
47,2019-05-09 01:00:00,NULL,25.2,30.0
48,2019-05-09 02:00:00,NULL,14.7,NULL
49,2019-05-09 03:00:00,20.0,10.6,31.0
50,2019-05-09 04:00:00,20.5,10.0,31.0
51,2019-05-09 05:00:00,NULL,10.4,33.0
52,2019-05-09 06:00:00,NULL,15.3,33.0
53,2019-05-09 07:00:00,NULL,34.5,33.0
54,2019-05-09 08:00:00,NULL,50.7,33.0
55,2019-05-09 09:00:00,NULL,49.0,35.0
56,2019-05-09 10:00:00,NULL,32.2,36.0
57,2019-05-09 11:00:00,NULL,32.3,28.0
58,2019-05-09 12:00:00,NULL,43.1,27.0
59,2019-05-09 13:00:00,NULL,34.2,30.0
60,2019-05-09 14:00:00,NULL,35.1,27.0
61,2019-05-09 15:00:00,NULL,21.3,34.0
62,2019-05-09 16:00:00,NULL,24.6,97.0
63,2019-05-09 17:00:00,NULL,23.9,67.0
64,2019-05-09 18:00:00,NULL,27.0,60.0
65,2019-05-09 19:00:00,NULL,29.9,58.0
66,2019-05-09 20:00:00,NULL,24.4,62.0
67,2019-05-09 21:00:00,NULL,23.8,59.0
68,2019-05-09 22:00:00,NULL,29.2,65.0
69,2019-05-09 23:00:00,NULL,34.5,59.0
70,2019-05-10 00:00:00,NULL,29.7,59.0
71,2019-05-10 01:00:00,NULL,26.7,52.0
72,2019-05-10 02:00:00,NULL,22.7,52.0
73,2019-05-10 03:00:00,10.5,19.1,41.0
74,2019-05-10 04:00:00,11.5,14.1,41.0
75,2019-05-10 05:00:00,NULL,15.0,40.0
76,2019-05-10 06:00:00,NULL,20.5,40.0
77,2019-05-10 07:00:00,NULL,37.8,39.0
78,2019-05-10 08:00:00,NULL,47.4,36.0
79,2019-05-10 09:00:00,NULL,57.3,39.0
80,2019-05-10 10:00:00,NULL,60.7,34.0
81,2019-05-10 11:00:00,NULL,53.4,31.0
82,2019-05-10 12:00:00,NULL,35.1,29.0
83,2019-05-10 13:00:00,NULL,23.2,28.0
84,2019-05-10 14:00:00,NULL,25.3,26.0
85,2019-05-10 15:00:00,NULL,22.0,25.0
86,2019-05-10 16:00:00,NULL,29.3,25.0
87,2019-05-10 17:00:00,NULL,29.6,24.0
88,2019-05-10 18:00:00,NULL,30.8,26.0
89,2019-05-10 19:00:00,NULL,37.8,26.0
90,2019-05-10 20:00:00,NULL,33.4,29.0
91,2019-05-10 21:00:00,NULL,39.3,29.0
92,2019-05-10 22:00:00,NULL,43.6,29.0
93,2019-05-10 23:00:00,NULL,37.0,31.0
94,2019-05-11 00:00:00,NULL,28.1,31.0
95,2019-05-11 01:00:00,NULL,26.0,27.0
96,2019-05-11 02:00:00,NULL,24.8,27.0
97,2019-05-11 03:00:00,26.5,15.5,32.0
98,2019-05-11 04:00:00,21.0,14.9,32.0
99,2019-05-11 05:00:00,NULL,NULL,35.0
100,2019-05-11 06:00:00,NULL,NULL,35.0
101,2019-05-11 07:00:00,NULL,NULL,30.0
102,2019-05-11 08:00:00,NULL,28.9,30.0
103,2019-05-11 09:00:00,NULL,29.0,27.0
104,2019-05-11 10:00:00,NULL,32.1,30.0
105,2019-05-11 11:00:00,NULL,35.7,NULL
106,2019-05-11 12:00:00,NULL,36.8,NULL
107,2019-05-11 13:00:00,NULL,33.2,NULL
108,2019-05-11 14:00:00,NULL,30.2,NULL
109,2019-05-11 15:00:00,NULL,30.8,NULL
110,2019-05-11 16:00:00,NULL,17.8,28.0
111,2019-05-11 17:00:00,NULL,18.0,26.0
112,2019-05-11 18:00:00,NULL,19.5,28.0
113,2019-05-11 19:00:00,NULL,32.0,31.0
114,2019-05-11 20:00:00,NULL,33.1,33.0
115,2019-05-11 21:00:00,NULL,31.2,33.0
116,2019-05-11 22:00:00,NULL,24.2,34.0
117,2019-05-11 23:00:00,NULL,21.1,37.0
118,2019-05-12 00:00:00,NULL,27.7,37.0
119,2019-05-12 01:00:00,NULL,26.4,35.0
120,2019-05-12 02:00:00,NULL,22.8,35.0
121,2019-05-12 03:00:00,17.5,19.2,38.0
122,2019-05-12 04:00:00,20.0,17.2,38.0
123,2019-05-12 05:00:00,NULL,16.0,36.0
124,2019-05-12 06:00:00,NULL,16.2,36.0
125,2019-05-12 07:00:00,NULL,19.2,38.0
126,2019-05-12 08:00:00,NULL,20.1,44.0
127,2019-05-12 09:00:00,NULL,15.9,32.0
128,2019-05-12 10:00:00,NULL,14.6,26.0
129,2019-05-12 11:00:00,NULL,11.7,26.0
130,2019-05-12 12:00:00,NULL,11.4,21.0
131,2019-05-12 13:00:00,NULL,11.4,20.0
132,2019-05-12 14:00:00,NULL,10.9,19.0
133,2019-05-12 15:00:00,NULL,8.7,21.0
134,2019-05-12 16:00:00,NULL,9.1,22.0
135,2019-05-12 17:00:00,NULL,9.6,23.0
136,2019-05-12 18:00:00,NULL,11.7,24.0
137,2019-05-12 19:00:00,NULL,13.9,22.0
138,2019-05-12 20:00:00,NULL,18.2,22.0
139,2019-05-12 21:00:00,NULL,19.5,22.0
140,2019-05-12 22:00:00,NULL,24.1,21.0
141,2019-05-12 23:00:00,NULL,34.2,22.0
142,2019-05-13 00:00:00,NULL,46.5,22.0
143,2019-05-13 01:00:00,NULL,32.5,22.0
144,2019-05-13 02:00:00,NULL,25.0,22.0
145,2019-05-13 03:00:00,14.5,18.9,24.0
146,2019-05-13 04:00:00,14.5,18.5,24.0
147,2019-05-13 05:00:00,NULL,18.9,33.0
148,2019-05-13 06:00:00,NULL,25.1,33.0
149,2019-05-13 07:00:00,NULL,38.3,39.0
150,2019-05-13 08:00:00,NULL,45.2,39.0
151,2019-05-13 09:00:00,NULL,41.0,31.0
152,2019-05-13 10:00:00,NULL,32.1,29.0
153,2019-05-13 11:00:00,NULL,20.6,27.0
154,2019-05-13 12:00:00,NULL,12.8,26.0
155,2019-05-13 13:00:00,NULL,9.6,24.0
156,2019-05-13 14:00:00,NULL,9.2,25.0
157,2019-05-13 15:00:00,NULL,10.1,26.0
158,2019-05-13 16:00:00,NULL,10.7,28.0
159,2019-05-13 17:00:00,NULL,10.6,29.0
160,2019-05-13 18:00:00,NULL,12.1,30.0
161,2019-05-13 19:00:00,NULL,13.0,30.0
162,2019-05-13 20:00:00,NULL,15.5,31.0
163,2019-05-13 21:00:00,NULL,23.9,31.0
164,2019-05-13 22:00:00,NULL,28.3,31.0
165,2019-05-13 23:00:00,NULL,30.4,31.0
166,2019-05-14 00:00:00,NULL,27.3,31.0
167,2019-05-14 01:00:00,NULL,22.8,23.0
168,2019-05-14 02:00:00,NULL,20.9,23.0
169,2019-05-14 03:00:00,14.5,19.1,26.0
170,2019-05-14 04:00:00,11.5,19.0,26.0
171,2019-05-14 05:00:00,NULL,22.1,30.0
172,2019-05-14 06:00:00,NULL,31.6,30.0
173,2019-05-14 07:00:00,NULL,38.6,33.0
174,2019-05-14 08:00:00,NULL,46.1,34.0
175,2019-05-14 09:00:00,NULL,41.3,33.0
176,2019-05-14 10:00:00,NULL,28.8,30.0
177,2019-05-14 11:00:00,NULL,19.0,31.0
178,2019-05-14 12:00:00,NULL,12.9,27.0
179,2019-05-14 13:00:00,NULL,11.3,25.0
180,2019-05-14 14:00:00,NULL,10.2,25.0
181,2019-05-14 15:00:00,NULL,11.0,25.0
182,2019-05-14 16:00:00,NULL,15.2,29.0
183,2019-05-14 17:00:00,NULL,13.4,32.0
184,2019-05-14 18:00:00,NULL,15.3,33.0
185,2019-05-14 19:00:00,NULL,17.7,30.0
186,2019-05-14 20:00:00,NULL,17.9,28.0
187,2019-05-14 21:00:00,NULL,23.3,27.0
188,2019-05-14 22:00:00,NULL,28.4,25.0
189,2019-05-14 23:00:00,NULL,29.0,26.0
190,2019-05-15 00:00:00,NULL,30.9,26.0
191,2019-05-15 01:00:00,NULL,24.3,22.0
192,2019-05-15 02:00:00,NULL,18.8,NULL
193,2019-05-15 03:00:00,25.5,17.2,22.0
194,2019-05-15 04:00:00,22.5,16.8,22.0
195,2019-05-15 05:00:00,NULL,17.9,25.0
196,2019-05-15 06:00:00,NULL,28.9,25.0
197,2019-05-15 07:00:00,NULL,46.5,33.0
198,2019-05-15 08:00:00,NULL,48.1,33.0
199,2019-05-15 09:00:00,NULL,32.1,34.0
200,2019-05-15 10:00:00,NULL,25.7,35.0
201,2019-05-15 11:00:00,NULL,0.0,36.0
202,2019-05-15 12:00:00,NULL,0.0,35.0
203,2019-05-15 13:00:00,NULL,0.0,30.0
204,2019-05-15 14:00:00,NULL,9.4,31.0
205,2019-05-15 15:00:00,NULL,10.0,30.0
206,2019-05-15 16:00:00,NULL,11.9,38.0
207,2019-05-15 17:00:00,NULL,12.9,38.0
208,2019-05-15 18:00:00,NULL,12.2,33.0
209,2019-05-15 19:00:00,NULL,12.9,35.0
210,2019-05-15 20:00:00,NULL,16.5,33.0
211,2019-05-15 21:00:00,NULL,20.3,31.0
212,2019-05-15 22:00:00,NULL,30.1,32.0
213,2019-05-15 23:00:00,NULL,36.0,33.0
214,2019-05-16 00:00:00,NULL,44.1,33.0
215,2019-05-16 01:00:00,NULL,30.9,33.0
216,2019-05-16 02:00:00,NULL,27.4,33.0
217,2019-05-16 03:00:00,28.0,26.0,28.0
218,2019-05-16 04:00:00,NULL,26.7,28.0
219,2019-05-16 05:00:00,NULL,27.9,26.0
220,2019-05-16 06:00:00,NULL,37.0,26.0
221,2019-05-16 07:00:00,NULL,52.6,33.0
222,2019-05-16 08:00:00,NULL,NULL,34.0
223,2019-05-16 09:00:00,NULL,40.0,33.0
224,2019-05-16 10:00:00,NULL,39.4,32.0
225,2019-05-16 11:00:00,NULL,29.5,31.0
226,2019-05-16 12:00:00,NULL,13.5,33.0
227,2019-05-16 13:00:00,NULL,10.5,30.0
228,2019-05-16 14:00:00,NULL,9.2,27.0
229,2019-05-16 15:00:00,NULL,8.5,27.0
230,2019-05-16 16:00:00,NULL,8.1,26.0
231,2019-05-16 17:00:00,NULL,10.1,29.0
232,2019-05-16 18:00:00,NULL,10.3,30.0
233,2019-05-16 19:00:00,NULL,13.5,25.0
234,2019-05-16 20:00:00,NULL,15.9,27.0
235,2019-05-16 21:00:00,NULL,14.4,26.0
236,2019-05-16 22:00:00,NULL,24.8,25.0
237,2019-05-16 23:00:00,NULL,24.3,25.0
238,2019-05-17 00:00:00,NULL,37.1,25.0
239,2019-05-17 01:00:00,NULL,43.7,23.0
240,2019-05-17 02:00:00,NULL,46.3,23.0
241,2019-05-17 03:00:00,NULL,26.1,21.0
242,2019-05-17 04:00:00,NULL,24.6,21.0
243,2019-05-17 05:00:00,NULL,26.6,21.0
244,2019-05-17 06:00:00,NULL,28.4,21.0
245,2019-05-17 07:00:00,NULL,34.0,25.0
246,2019-05-17 08:00:00,NULL,46.3,27.0
247,2019-05-17 09:00:00,NULL,55.0,27.0
248,2019-05-17 10:00:00,NULL,57.5,29.0
249,2019-05-17 11:00:00,NULL,60.5,30.0
250,2019-05-17 12:00:00,NULL,51.5,30.0
251,2019-05-17 13:00:00,NULL,43.1,30.0
252,2019-05-17 14:00:00,NULL,46.5,29.0
253,2019-05-17 15:00:00,NULL,37.9,31.0
254,2019-05-17 16:00:00,NULL,27.0,32.0
255,2019-05-17 17:00:00,NULL,22.2,30.0
256,2019-05-17 18:00:00,NULL,20.7,29.0
257,2019-05-17 19:00:00,NULL,27.9,31.0
258,2019-05-17 20:00:00,NULL,33.6,36.0
259,2019-05-17 21:00:00,NULL,24.7,36.0
260,2019-05-17 22:00:00,NULL,23.5,36.0
261,2019-05-17 23:00:00,NULL,24.3,35.0
262,2019-05-18 00:00:00,NULL,28.2,35.0
263,2019-05-18 01:00:00,NULL,34.1,31.0
264,2019-05-18 02:00:00,NULL,31.5,31.0
265,2019-05-18 03:00:00,41.5,37.4,31.0
266,2019-05-18 04:00:00,NULL,29.0,31.0
267,2019-05-18 05:00:00,NULL,16.1,29.0
268,2019-05-18 06:00:00,NULL,16.6,29.0
269,2019-05-18 07:00:00,NULL,20.1,27.0
270,2019-05-18 08:00:00,NULL,22.1,29.0
271,2019-05-18 09:00:00,NULL,27.4,35.0
272,2019-05-18 10:00:00,NULL,20.4,32.0
273,2019-05-18 11:00:00,NULL,21.1,35.0
274,2019-05-18 12:00:00,NULL,24.1,34.0
275,2019-05-18 13:00:00,NULL,17.5,38.0
276,2019-05-18 14:00:00,NULL,12.9,29.0
277,2019-05-18 15:00:00,NULL,10.5,27.0
278,2019-05-18 16:00:00,NULL,11.8,28.0
279,2019-05-18 17:00:00,NULL,13.0,30.0
280,2019-05-18 18:00:00,NULL,14.6,42.0
281,2019-05-18 19:00:00,NULL,12.8,42.0
282,2019-05-18 20:00:00,35.5,14.5,36.0
283,2019-05-18 21:00:00,35.5,67.5,35.0
284,2019-05-18 22:00:00,40.0,36.2,41.0
285,2019-05-18 23:00:00,39.0,59.3,46.0
286,2019-05-19 00:00:00,34.5,62.5,46.0
287,2019-05-19 01:00:00,29.5,50.2,49.0
288,2019-05-19 02:00:00,23.5,49.6,49.0
289,2019-05-19 03:00:00,22.5,34.9,49.0
290,2019-05-19 04:00:00,19.0,38.1,49.0
291,2019-05-19 05:00:00,19.0,36.4,49.0
292,2019-05-19 06:00:00,21.0,39.4,49.0
293,2019-05-19 07:00:00,26.0,40.9,38.0
294,2019-05-19 08:00:00,30.5,31.1,36.0
295,2019-05-19 09:00:00,30.0,32.4,33.0
296,2019-05-19 10:00:00,23.5,31.7,30.0
297,2019-05-19 11:00:00,16.0,33.0,27.0
298,2019-05-19 12:00:00,17.5,31.0,28.0
299,2019-05-19 13:00:00,17.0,32.6,25.0
300,2019-05-19 14:00:00,16.0,27.9,27.0
301,2019-05-19 15:00:00,14.5,21.0,31.0
302,2019-05-19 16:00:00,23.0,23.8,29.0
303,2019-05-19 17:00:00,33.0,31.7,28.0
304,2019-05-19 18:00:00,17.5,32.5,27.0
305,2019-05-19 19:00:00,18.5,33.9,29.0
306,2019-05-19 20:00:00,15.5,32.7,30.0
307,2019-05-19 21:00:00,26.0,51.2,32.0
308,2019-05-19 22:00:00,15.0,35.6,32.0
309,2019-05-19 23:00:00,12.5,23.2,32.0
310,2019-05-20 00:00:00,18.5,22.2,32.0
311,2019-05-20 01:00:00,16.5,18.8,28.0
312,2019-05-20 02:00:00,26.0,16.4,28.0
313,2019-05-20 03:00:00,17.0,12.8,32.0
314,2019-05-20 04:00:00,10.5,12.1,32.0
315,2019-05-20 05:00:00,9.0,12.6,26.0
316,2019-05-20 06:00:00,14.0,14.9,26.0
317,2019-05-20 07:00:00,20.0,25.2,31.0
318,2019-05-20 08:00:00,26.0,40.1,31.0
319,2019-05-20 09:00:00,38.0,46.9,29.0
320,2019-05-20 10:00:00,40.0,46.1,29.0
321,2019-05-20 11:00:00,30.5,45.5,28.0
322,2019-05-20 12:00:00,25.0,43.9,28.0
323,2019-05-20 13:00:00,25.0,35.4,28.0
324,2019-05-20 14:00:00,34.5,23.8,29.0
325,2019-05-20 15:00:00,32.0,23.7,32.0
326,2019-05-20 16:00:00,24.5,27.5,32.0
327,2019-05-20 17:00:00,25.5,26.5,29.0
328,2019-05-20 18:00:00,NULL,32.4,30.0
329,2019-05-20 19:00:00,NULL,24.6,33.0
330,2019-05-20 20:00:00,NULL,32.2,32.0
331,2019-05-20 21:00:00,NULL,21.3,32.0
332,2019-05-20 22:00:00,NULL,21.6,34.0
333,2019-05-20 23:00:00,NULL,20.3,47.0
334,2019-05-21 00:00:00,NULL,20.7,47.0
335,2019-05-21 01:00:00,NULL,19.6,35.0
336,2019-05-21 02:00:00,NULL,16.9,35.0
337,2019-05-21 03:00:00,15.5,16.3,26.0
338,2019-05-21 04:00:00,NULL,17.7,26.0
339,2019-05-21 05:00:00,NULL,17.9,23.0
340,2019-05-21 06:00:00,NULL,18.5,23.0
341,2019-05-21 07:00:00,NULL,38.0,30.0
342,2019-05-21 08:00:00,NULL,62.6,27.0
343,2019-05-21 09:00:00,NULL,56.0,28.0
344,2019-05-21 10:00:00,NULL,54.2,29.0
345,2019-05-21 11:00:00,NULL,48.1,29.0
346,2019-05-21 12:00:00,NULL,30.4,26.0
347,2019-05-21 13:00:00,NULL,25.5,26.0
348,2019-05-21 14:00:00,NULL,30.5,28.0
349,2019-05-21 15:00:00,NULL,49.7,33.0
350,2019-05-21 16:00:00,NULL,47.8,34.0
351,2019-05-21 17:00:00,NULL,36.6,34.0
352,2019-05-21 18:00:00,NULL,42.3,37.0
353,2019-05-21 19:00:00,NULL,75.0,35.0
354,2019-05-21 20:00:00,NULL,54.3,40.0
355,2019-05-21 21:00:00,NULL,50.0,38.0
356,2019-05-21 22:00:00,NULL,40.8,33.0
357,2019-05-21 23:00:00,NULL,43.0,33.0
358,2019-05-22 00:00:00,NULL,33.2,33.0
359,2019-05-22 01:00:00,NULL,29.5,30.0
360,2019-05-22 02:00:00,NULL,27.1,30.0
361,2019-05-22 03:00:00,20.5,27.9,27.0
362,2019-05-22 04:00:00,NULL,19.2,27.0
363,2019-05-22 05:00:00,NULL,25.2,21.0
364,2019-05-22 06:00:00,NULL,33.7,21.0
365,2019-05-22 07:00:00,NULL,45.1,28.0
366,2019-05-22 08:00:00,NULL,75.7,29.0
367,2019-05-22 09:00:00,NULL,75.4,31.0
368,2019-05-22 10:00:00,NULL,70.8,31.0
369,2019-05-22 11:00:00,NULL,63.1,31.0
370,2019-05-22 12:00:00,NULL,57.8,28.0
371,2019-05-22 13:00:00,NULL,42.6,25.0
372,2019-05-22 14:00:00,NULL,42.2,25.0
373,2019-05-22 15:00:00,NULL,38.5,28.0
374,2019-05-22 16:00:00,NULL,40.0,30.0
375,2019-05-22 17:00:00,NULL,33.2,32.0
376,2019-05-22 18:00:00,NULL,34.9,34.0
377,2019-05-22 19:00:00,NULL,36.1,34.0
378,2019-05-22 20:00:00,NULL,34.1,33.0
379,2019-05-22 21:00:00,NULL,36.2,33.0
380,2019-05-22 22:00:00,NULL,44.9,31.0
381,2019-05-22 23:00:00,NULL,37.7,32.0
382,2019-05-23 00:00:00,NULL,29.8,32.0
383,2019-05-23 01:00:00,NULL,62.1,23.0
384,2019-05-23 02:00:00,NULL,53.3,23.0
385,2019-05-23 03:00:00,60.5,53.1,20.0
386,2019-05-23 04:00:00,NULL,66.6,20.0
387,2019-05-23 05:00:00,NULL,76.8,19.0
388,2019-05-23 06:00:00,NULL,71.9,19.0
389,2019-05-23 07:00:00,NULL,68.7,24.0
390,2019-05-23 08:00:00,NULL,79.6,26.0
391,2019-05-23 09:00:00,NULL,91.8,25.0
392,2019-05-23 10:00:00,NULL,97.0,23.0
393,2019-05-23 11:00:00,NULL,79.4,25.0
394,2019-05-23 12:00:00,NULL,28.3,24.0
395,2019-05-23 13:00:00,NULL,17.0,25.0
396,2019-05-23 14:00:00,NULL,16.4,28.0
397,2019-05-23 15:00:00,NULL,21.2,34.0
398,2019-05-23 16:00:00,NULL,17.2,38.0
399,2019-05-23 17:00:00,NULL,17.5,53.0
400,2019-05-23 18:00:00,NULL,17.8,60.0
401,2019-05-23 19:00:00,NULL,22.7,54.0
402,2019-05-23 20:00:00,NULL,23.5,51.0
403,2019-05-23 21:00:00,NULL,28.0,45.0
404,2019-05-23 22:00:00,NULL,33.8,44.0
405,2019-05-23 23:00:00,NULL,47.0,39.0
406,2019-05-24 00:00:00,NULL,61.9,39.0
407,2019-05-24 01:00:00,NULL,23.2,31.0
408,2019-05-24 02:00:00,NULL,32.8,NULL
409,2019-05-24 03:00:00,74.5,28.8,31.0
410,2019-05-24 04:00:00,NULL,28.4,31.0
411,2019-05-24 05:00:00,NULL,19.4,23.0
412,2019-05-24 06:00:00,NULL,28.1,23.0
413,2019-05-24 07:00:00,NULL,35.9,29.0
414,2019-05-24 08:00:00,NULL,40.7,28.0
415,2019-05-24 09:00:00,NULL,54.8,26.0
416,2019-05-24 10:00:00,NULL,45.9,24.0
417,2019-05-24 11:00:00,NULL,37.9,23.0
418,2019-05-24 12:00:00,NULL,28.6,26.0
419,2019-05-24 13:00:00,NULL,40.6,29.0
420,2019-05-24 14:00:00,NULL,29.3,33.0
421,2019-05-24 15:00:00,NULL,24.3,39.0
422,2019-05-24 16:00:00,NULL,20.5,40.0
423,2019-05-24 17:00:00,NULL,22.7,43.0
424,2019-05-24 18:00:00,NULL,27.3,46.0
425,2019-05-24 19:00:00,NULL,25.2,46.0
426,2019-05-24 20:00:00,NULL,23.3,44.0
427,2019-05-24 21:00:00,NULL,21.9,42.0
428,2019-05-24 22:00:00,NULL,31.7,38.0
429,2019-05-24 23:00:00,NULL,18.1,39.0
430,2019-05-25 00:00:00,NULL,18.0,39.0
431,2019-05-25 01:00:00,NULL,16.5,32.0
432,2019-05-25 02:00:00,NULL,17.4,32.0
433,2019-05-25 03:00:00,29.0,12.8,25.0
434,2019-05-25 04:00:00,NULL,20.3,25.0
435,2019-05-25 05:00:00,NULL,NULL,21.0
436,2019-05-25 06:00:00,NULL,NULL,21.0
437,2019-05-25 07:00:00,NULL,NULL,22.0
438,2019-05-25 08:00:00,NULL,36.9,22.0
439,2019-05-25 09:00:00,NULL,42.1,23.0
440,2019-05-25 10:00:00,NULL,44.5,23.0
441,2019-05-25 11:00:00,NULL,33.6,21.0
442,2019-05-25 12:00:00,NULL,26.3,23.0
443,2019-05-25 13:00:00,NULL,19.5,24.0
444,2019-05-25 14:00:00,NULL,18.6,26.0
445,2019-05-25 15:00:00,NULL,26.1,31.0
446,2019-05-25 16:00:00,NULL,23.6,37.0
447,2019-05-25 17:00:00,NULL,30.0,42.0
448,2019-05-25 18:00:00,NULL,31.9,46.0
449,2019-05-25 19:00:00,NULL,20.6,47.0
450,2019-05-25 20:00:00,NULL,30.4,47.0
451,2019-05-25 21:00:00,NULL,22.1,44.0
452,2019-05-25 22:00:00,NULL,43.6,41.0
453,2019-05-25 23:00:00,NULL,39.5,36.0
454,2019-05-26 00:00:00,NULL,63.9,36.0
455,2019-05-26 01:00:00,NULL,70.2,32.0
456,2019-05-26 02:00:00,NULL,67.0,32.0
457,2019-05-26 03:00:00,53.0,49.8,26.0
458,2019-05-26 04:00:00,NULL,23.4,26.0
459,2019-05-26 05:00:00,NULL,22.9,20.0
460,2019-05-26 06:00:00,NULL,22.3,20.0
461,2019-05-26 07:00:00,NULL,16.8,17.0
462,2019-05-26 08:00:00,NULL,15.1,17.0
463,2019-05-26 09:00:00,NULL,13.4,15.0
464,2019-05-26 10:00:00,NULL,11.0,15.0
465,2019-05-26 11:00:00,NULL,10.3,16.0
466,2019-05-26 12:00:00,NULL,11.3,17.0
467,2019-05-26 13:00:00,NULL,13.3,21.0
468,2019-05-26 14:00:00,NULL,11.5,24.0
469,2019-05-26 15:00:00,NULL,12.5,25.0
470,2019-05-26 16:00:00,NULL,15.3,26.0
471,2019-05-26 17:00:00,NULL,11.7,27.0
472,2019-05-26 18:00:00,NULL,17.1,26.0
473,2019-05-26 19:00:00,NULL,17.3,28.0
474,2019-05-26 20:00:00,NULL,22.8,26.0
475,2019-05-26 21:00:00,NULL,17.8,25.0
476,2019-05-26 22:00:00,NULL,16.6,27.0
477,2019-05-26 23:00:00,NULL,16.1,26.0
478,2019-05-27 00:00:00,NULL,15.2,26.0
479,2019-05-27 01:00:00,NULL,10.3,26.0
480,2019-05-27 02:00:00,NULL,9.5,26.0
481,2019-05-27 03:00:00,10.5,7.1,24.0
482,2019-05-27 04:00:00,NULL,5.9,24.0
483,2019-05-27 05:00:00,NULL,4.8,19.0
484,2019-05-27 06:00:00,NULL,6.5,19.0
485,2019-05-27 07:00:00,NULL,20.3,18.0
486,2019-05-27 08:00:00,NULL,29.1,18.0
487,2019-05-27 09:00:00,NULL,29.5,18.0
488,2019-05-27 10:00:00,NULL,34.2,18.0
489,2019-05-27 11:00:00,NULL,31.4,16.0
490,2019-05-27 12:00:00,NULL,23.3,17.0
491,2019-05-27 13:00:00,NULL,19.3,17.0
492,2019-05-27 14:00:00,NULL,17.3,20.0
493,2019-05-27 15:00:00,NULL,17.5,20.0
494,2019-05-27 16:00:00,NULL,17.3,22.0
495,2019-05-27 17:00:00,NULL,25.6,22.0
496,2019-05-27 18:00:00,NULL,23.6,22.0
497,2019-05-27 19:00:00,NULL,22.9,22.0
498,2019-05-27 20:00:00,NULL,25.6,22.0
499,2019-05-27 21:00:00,NULL,22.1,23.0
500,2019-05-27 22:00:00,NULL,22.3,20.0
501,2019-05-27 23:00:00,NULL,18.8,19.0
502,2019-05-28 00:00:00,NULL,19.9,19.0
503,2019-05-28 01:00:00,NULL,22.6,16.0
504,2019-05-28 02:00:00,NULL,15.4,16.0
505,2019-05-28 03:00:00,11.0,8.2,16.0
506,2019-05-28 04:00:00,NULL,6.4,16.0
507,2019-05-28 05:00:00,NULL,6.1,15.0
508,2019-05-28 06:00:00,NULL,8.9,15.0
509,2019-05-28 07:00:00,NULL,19.9,19.0
510,2019-05-28 08:00:00,NULL,28.8,20.0
511,2019-05-28 09:00:00,NULL,33.8,20.0
512,2019-05-28 10:00:00,NULL,31.2,20.0
513,2019-05-28 11:00:00,NULL,24.3,21.0
514,2019-05-28 12:00:00,NULL,21.6,21.0
515,2019-05-28 13:00:00,NULL,20.5,28.0
516,2019-05-28 14:00:00,NULL,24.8,27.0
517,2019-05-28 15:00:00,NULL,18.5,29.0
518,2019-05-28 16:00:00,NULL,18.8,30.0
519,2019-05-28 17:00:00,NULL,25.0,27.0
520,2019-05-28 18:00:00,NULL,26.5,25.0
521,2019-05-28 19:00:00,NULL,20.8,29.0
522,2019-05-28 20:00:00,NULL,16.2,29.0
523,2019-05-28 21:00:00,NULL,18.5,29.0
524,2019-05-28 22:00:00,NULL,20.4,31.0
525,2019-05-28 23:00:00,NULL,20.4,NULL
526,2019-05-29 00:00:00,NULL,20.2,25.0
527,2019-05-29 01:00:00,NULL,25.3,26.0
528,2019-05-29 02:00:00,NULL,23.4,26.0
529,2019-05-29 03:00:00,21.0,21.6,23.0
530,2019-05-29 04:00:00,NULL,19.0,23.0
531,2019-05-29 05:00:00,NULL,20.3,21.0
532,2019-05-29 06:00:00,NULL,24.1,21.0
533,2019-05-29 07:00:00,NULL,36.7,24.0
534,2019-05-29 08:00:00,NULL,46.5,22.0
535,2019-05-29 09:00:00,NULL,50.5,21.0
536,2019-05-29 10:00:00,NULL,45.7,18.0
537,2019-05-29 11:00:00,NULL,34.5,18.0
538,2019-05-29 12:00:00,NULL,30.7,18.0
539,2019-05-29 13:00:00,NULL,22.0,20.0
540,2019-05-29 14:00:00,NULL,13.2,13.0
541,2019-05-29 15:00:00,NULL,17.8,15.0
542,2019-05-29 16:00:00,NULL,0.0,5.0
543,2019-05-29 17:00:00,NULL,0.0,3.0
544,2019-05-29 18:00:00,NULL,20.1,5.0
545,2019-05-29 19:00:00,NULL,22.9,5.0
546,2019-05-29 20:00:00,NULL,25.3,5.0
547,2019-05-29 21:00:00,NULL,24.1,6.0
548,2019-05-29 22:00:00,NULL,20.8,6.0
549,2019-05-29 23:00:00,NULL,16.9,5.0
550,2019-05-30 00:00:00,NULL,19.0,5.0
551,2019-05-30 01:00:00,NULL,19.9,1.0
552,2019-05-30 02:00:00,NULL,19.4,1.0
553,2019-05-30 03:00:00,7.5,12.4,0.0
554,2019-05-30 04:00:00,NULL,9.4,0.0
555,2019-05-30 05:00:00,NULL,10.6,0.0
556,2019-05-30 06:00:00,NULL,10.4,0.0
557,2019-05-30 07:00:00,NULL,12.2,0.0
558,2019-05-30 08:00:00,NULL,13.3,2.0
559,2019-05-30 09:00:00,NULL,18.3,3.0
560,2019-05-30 10:00:00,NULL,16.7,5.0
561,2019-05-30 11:00:00,NULL,15.1,9.0
562,2019-05-30 12:00:00,NULL,13.8,13.0
563,2019-05-30 13:00:00,NULL,14.9,17.0
564,2019-05-30 14:00:00,NULL,14.2,20.0
565,2019-05-30 15:00:00,NULL,16.1,22.0
566,2019-05-30 16:00:00,NULL,14.9,22.0
567,2019-05-30 17:00:00,NULL,13.0,27.0
568,2019-05-30 18:00:00,NULL,12.8,30.0
569,2019-05-30 19:00:00,NULL,20.4,28.0
570,2019-05-30 20:00:00,NULL,22.1,28.0
571,2019-05-30 21:00:00,NULL,22.9,27.0
572,2019-05-30 22:00:00,NULL,21.9,27.0
573,2019-05-30 23:00:00,NULL,26.9,23.0
574,2019-05-31 00:00:00,NULL,27.0,23.0
575,2019-05-31 01:00:00,NULL,29.6,18.0
576,2019-05-31 02:00:00,NULL,27.2,18.0
577,2019-05-31 03:00:00,9.0,36.9,12.0
578,2019-05-31 04:00:00,NULL,44.1,12.0
579,2019-05-31 05:00:00,NULL,40.1,9.0
580,2019-05-31 06:00:00,NULL,31.1,9.0
581,2019-05-31 07:00:00,NULL,37.2,8.0
582,2019-05-31 08:00:00,NULL,38.6,9.0
583,2019-05-31 09:00:00,NULL,47.4,8.0
584,2019-05-31 10:00:00,NULL,36.6,37.0
585,2019-05-31 11:00:00,NULL,19.6,15.0
586,2019-05-31 12:00:00,NULL,17.2,16.0
587,2019-05-31 13:00:00,NULL,15.1,18.0
588,2019-05-31 14:00:00,NULL,13.3,21.0
589,2019-05-31 15:00:00,NULL,13.8,21.0
590,2019-05-31 16:00:00,NULL,15.4,24.0
591,2019-05-31 17:00:00,NULL,15.4,26.0
592,2019-05-31 18:00:00,NULL,16.3,26.0
593,2019-05-31 19:00:00,NULL,20.5,29.0
594,2019-05-31 20:00:00,NULL,25.2,33.0
595,2019-05-31 21:00:00,NULL,23.3,33.0
596,2019-05-31 22:00:00,NULL,37.0,31.0
597,2019-05-31 23:00:00,NULL,60.2,26.0
598,2019-06-01 00:00:00,NULL,68.0,26.0
599,2019-06-01 01:00:00,NULL,81.7,22.0
600,2019-06-01 02:00:00,NULL,84.7,22.0
601,2019-06-01 03:00:00,52.5,74.8,16.0
602,2019-06-01 04:00:00,NULL,68.1,16.0
603,2019-06-01 05:00:00,NULL,NULL,11.0
604,2019-06-01 06:00:00,NULL,NULL,11.0
605,2019-06-01 07:00:00,NULL,NULL,4.0
606,2019-06-01 08:00:00,NULL,44.6,2.0
607,2019-06-01 09:00:00,NULL,46.4,8.0
608,2019-06-01 10:00:00,NULL,33.3,9.0
609,2019-06-01 11:00:00,NULL,23.9,12.0
610,2019-06-01 12:00:00,NULL,13.8,19.0
611,2019-06-01 13:00:00,NULL,12.2,28.0
612,2019-06-01 14:00:00,NULL,10.4,33.0
613,2019-06-01 15:00:00,NULL,10.2,36.0
614,2019-06-01 16:00:00,NULL,10.0,33.0
615,2019-06-01 17:00:00,NULL,10.2,31.0
616,2019-06-01 18:00:00,NULL,11.8,32.0
617,2019-06-01 19:00:00,NULL,11.8,36.0
618,2019-06-01 20:00:00,NULL,14.5,38.0
619,2019-06-01 21:00:00,NULL,24.6,41.0
620,2019-06-01 22:00:00,NULL,43.6,44.0
621,2019-06-01 23:00:00,NULL,49.4,52.0
622,2019-06-02 00:00:00,NULL,48.1,52.0
623,2019-06-02 01:00:00,NULL,32.7,44.0
624,2019-06-02 02:00:00,NULL,38.1,44.0
625,2019-06-02 03:00:00,NULL,38.2,43.0
626,2019-06-02 04:00:00,NULL,39.2,43.0
627,2019-06-02 05:00:00,NULL,23.2,37.0
628,2019-06-02 06:00:00,NULL,24.5,37.0
629,2019-06-02 07:00:00,NULL,37.2,32.0
630,2019-06-02 08:00:00,NULL,24.1,32.0
631,2019-06-02 09:00:00,NULL,18.1,30.0
632,2019-06-02 10:00:00,NULL,19.5,32.0
633,2019-06-02 11:00:00,NULL,21.0,35.0
634,2019-06-02 12:00:00,NULL,18.1,36.0
635,2019-06-02 13:00:00,NULL,13.1,35.0
636,2019-06-02 14:00:00,NULL,11.5,34.0
637,2019-06-02 15:00:00,NULL,13.0,36.0
638,2019-06-02 16:00:00,NULL,15.0,33.0
639,2019-06-02 17:00:00,NULL,13.9,32.0
640,2019-06-02 18:00:00,NULL,14.4,32.0
641,2019-06-02 19:00:00,NULL,14.4,34.0
642,2019-06-02 20:00:00,NULL,15.6,34.0
643,2019-06-02 21:00:00,NULL,25.8,32.0
644,2019-06-02 22:00:00,NULL,40.9,28.0
645,2019-06-02 23:00:00,NULL,36.9,27.0
646,2019-06-03 00:00:00,NULL,27.6,27.0
647,2019-06-03 01:00:00,NULL,17.9,21.0
648,2019-06-03 02:00:00,NULL,15.7,21.0
649,2019-06-03 03:00:00,NULL,11.8,11.0
650,2019-06-03 04:00:00,NULL,11.7,11.0
651,2019-06-03 05:00:00,NULL,9.8,3.0
652,2019-06-03 06:00:00,NULL,11.4,3.0
653,2019-06-03 07:00:00,NULL,29.0,5.0
654,2019-06-03 08:00:00,NULL,44.1,6.0
655,2019-06-03 09:00:00,NULL,50.0,7.0
656,2019-06-03 10:00:00,NULL,43.9,5.0
657,2019-06-03 11:00:00,NULL,46.0,11.0
658,2019-06-03 12:00:00,NULL,31.7,16.0
659,2019-06-03 13:00:00,NULL,27.5,14.0
660,2019-06-03 14:00:00,NULL,22.1,15.0
661,2019-06-03 15:00:00,NULL,25.8,17.0
662,2019-06-03 16:00:00,NULL,23.2,21.0
663,2019-06-03 17:00:00,NULL,24.8,22.0
664,2019-06-03 18:00:00,NULL,25.3,24.0
665,2019-06-03 19:00:00,NULL,24.4,24.0
666,2019-06-03 20:00:00,NULL,23.1,23.0
667,2019-06-03 21:00:00,NULL,28.9,20.0
668,2019-06-03 22:00:00,NULL,33.0,20.0
669,2019-06-03 23:00:00,NULL,31.1,17.0
670,2019-06-04 00:00:00,NULL,30.5,17.0
671,2019-06-04 01:00:00,NULL,44.6,12.0
672,2019-06-04 02:00:00,NULL,52.4,12.0
673,2019-06-04 03:00:00,NULL,43.9,8.0
674,2019-06-04 04:00:00,NULL,35.0,8.0
675,2019-06-04 05:00:00,NULL,41.6,5.0
676,2019-06-04 06:00:00,NULL,28.8,5.0
677,2019-06-04 07:00:00,NULL,36.5,14.0
678,2019-06-04 08:00:00,NULL,47.7,18.0
679,2019-06-04 09:00:00,NULL,53.5,22.0
680,2019-06-04 10:00:00,NULL,50.8,35.0
681,2019-06-04 11:00:00,NULL,38.5,31.0
682,2019-06-04 12:00:00,NULL,23.3,32.0
683,2019-06-04 13:00:00,NULL,19.6,35.0
684,2019-06-04 14:00:00,NULL,17.7,37.0
685,2019-06-04 15:00:00,NULL,17.4,36.0
686,2019-06-04 16:00:00,NULL,18.1,38.0
687,2019-06-04 17:00:00,NULL,21.5,38.0
688,2019-06-04 18:00:00,NULL,26.3,40.0
689,2019-06-04 19:00:00,NULL,23.4,29.0
690,2019-06-04 20:00:00,NULL,25.2,20.0
691,2019-06-04 21:00:00,NULL,17.0,18.0
692,2019-06-04 22:00:00,NULL,16.9,17.0
693,2019-06-04 23:00:00,NULL,26.3,17.0
694,2019-06-05 00:00:00,NULL,33.5,17.0
695,2019-06-05 01:00:00,NULL,17.8,13.0
696,2019-06-05 02:00:00,NULL,15.7,13.0
697,2019-06-05 03:00:00,15.0,10.8,4.0
698,2019-06-05 04:00:00,NULL,12.4,4.0
699,2019-06-05 05:00:00,NULL,16.2,6.0
700,2019-06-05 06:00:00,NULL,24.5,6.0
701,2019-06-05 07:00:00,NULL,39.2,2.0
702,2019-06-05 08:00:00,NULL,35.8,1.0
703,2019-06-05 09:00:00,NULL,36.9,0.0
704,2019-06-05 10:00:00,NULL,35.3,0.0
705,2019-06-05 11:00:00,NULL,36.8,5.0
706,2019-06-05 12:00:00,NULL,42.1,7.0
707,2019-06-05 13:00:00,NULL,59.0,9.0
708,2019-06-05 14:00:00,NULL,47.2,14.0
709,2019-06-05 15:00:00,NULL,33.6,20.0
710,2019-06-05 16:00:00,NULL,38.3,20.0
711,2019-06-05 17:00:00,NULL,53.5,19.0
712,2019-06-05 18:00:00,NULL,37.9,19.0
713,2019-06-05 19:00:00,NULL,48.8,19.0
714,2019-06-05 20:00:00,NULL,40.8,19.0
715,2019-06-05 21:00:00,NULL,37.8,19.0
716,2019-06-05 22:00:00,NULL,37.5,19.0
717,2019-06-05 23:00:00,NULL,33.7,17.0
718,2019-06-06 00:00:00,NULL,30.3,17.0
719,2019-06-06 01:00:00,NULL,31.8,8.0
720,2019-06-06 02:00:00,NULL,23.8,NULL
721,2019-06-06 03:00:00,NULL,18.0,4.0
722,2019-06-06 04:00:00,NULL,15.2,4.0
723,2019-06-06 05:00:00,NULL,19.2,0.0
724,2019-06-06 06:00:00,NULL,28.4,0.0
725,2019-06-06 07:00:00,NULL,40.3,1.0
726,2019-06-06 08:00:00,NULL,40.5,3.0
727,2019-06-06 09:00:00,NULL,43.1,0.0
728,2019-06-06 10:00:00,NULL,36.0,1.0
729,2019-06-06 11:00:00,NULL,26.0,7.0
730,2019-06-06 12:00:00,NULL,21.2,7.0
731,2019-06-06 13:00:00,NULL,16.4,12.0
732,2019-06-06 14:00:00,NULL,16.5,10.0
733,2019-06-06 15:00:00,NULL,16.0,11.0
734,2019-06-06 16:00:00,NULL,15.1,16.0
735,2019-06-06 17:00:00,NULL,NULL,22.0
736,2019-06-06 18:00:00,NULL,NULL,24.0
737,2019-06-06 19:00:00,NULL,NULL,24.0
738,2019-06-06 20:00:00,NULL,NULL,24.0
739,2019-06-06 21:00:00,NULL,NULL,22.0
740,2019-06-06 22:00:00,NULL,NULL,24.0
741,2019-06-06 23:00:00,NULL,NULL,21.0
742,2019-06-07 00:00:00,NULL,NULL,21.0
743,2019-06-07 01:00:00,NULL,NULL,23.0
744,2019-06-07 02:00:00,NULL,NULL,23.0
745,2019-06-07 03:00:00,NULL,NULL,27.0
746,2019-06-07 04:00:00,NULL,NULL,27.0
747,2019-06-07 05:00:00,NULL,NULL,23.0
748,2019-06-07 06:00:00,NULL,NULL,23.0
749,2019-06-07 07:00:00,NULL,NULL,25.0
750,2019-06-07 08:00:00,NULL,28.9,23.0
751,2019-06-07 09:00:00,NULL,23.0,24.0
752,2019-06-07 10:00:00,NULL,29.3,25.0
753,2019-06-07 11:00:00,NULL,34.5,23.0
754,2019-06-07 12:00:00,NULL,32.1,25.0
755,2019-06-07 13:00:00,NULL,26.7,27.0
756,2019-06-07 14:00:00,NULL,17.8,20.0
757,2019-06-07 15:00:00,NULL,15.0,15.0
758,2019-06-07 16:00:00,NULL,13.1,15.0
759,2019-06-07 17:00:00,NULL,15.6,21.0
760,2019-06-07 18:00:00,NULL,19.5,24.0
761,2019-06-07 19:00:00,NULL,19.5,27.0
762,2019-06-07 20:00:00,NULL,19.1,35.0
763,2019-06-07 21:00:00,NULL,19.9,36.0
764,2019-06-07 22:00:00,NULL,19.4,35.0
765,2019-06-07 23:00:00,NULL,16.3,NULL
766,2019-06-08 00:00:00,NULL,14.7,33.0
767,2019-06-08 01:00:00,NULL,14.4,28.0
768,2019-06-08 02:00:00,NULL,11.3,NULL
769,2019-06-08 03:00:00,NULL,9.6,7.0
770,2019-06-08 04:00:00,NULL,8.4,7.0
771,2019-06-08 05:00:00,NULL,9.8,3.0
772,2019-06-08 06:00:00,NULL,10.7,3.0
773,2019-06-08 07:00:00,NULL,14.1,2.0
774,2019-06-08 08:00:00,NULL,13.8,3.0
775,2019-06-08 09:00:00,NULL,14.0,4.0
776,2019-06-08 10:00:00,NULL,13.0,2.0
777,2019-06-08 11:00:00,NULL,11.7,3.0
778,2019-06-08 12:00:00,NULL,10.3,4.0
779,2019-06-08 13:00:00,NULL,10.4,8.0
780,2019-06-08 14:00:00,NULL,9.2,10.0
781,2019-06-08 15:00:00,NULL,11.1,13.0
782,2019-06-08 16:00:00,NULL,10.3,17.0
783,2019-06-08 17:00:00,NULL,11.7,19.0
784,2019-06-08 18:00:00,NULL,14.1,20.0
785,2019-06-08 19:00:00,NULL,14.8,20.0
786,2019-06-08 20:00:00,NULL,22.0,19.0
787,2019-06-08 21:00:00,NULL,NULL,17.0
788,2019-06-08 22:00:00,NULL,NULL,16.0
789,2019-06-08 23:00:00,NULL,36.7,NULL
790,2019-06-09 00:00:00,NULL,34.8,20.0
791,2019-06-09 01:00:00,NULL,47.0,10.0
792,2019-06-09 02:00:00,NULL,55.9,10.0
793,2019-06-09 03:00:00,10.0,41.0,7.0
794,2019-06-09 04:00:00,NULL,51.2,7.0
795,2019-06-09 05:00:00,NULL,51.5,1.0
796,2019-06-09 06:00:00,NULL,43.0,1.0
797,2019-06-09 07:00:00,NULL,42.2,5.0
798,2019-06-09 08:00:00,NULL,36.7,1.0
799,2019-06-09 09:00:00,NULL,32.7,0.0
800,2019-06-09 10:00:00,NULL,30.2,0.0
801,2019-06-09 11:00:00,NULL,25.0,2.0
802,2019-06-09 12:00:00,NULL,16.6,5.0
803,2019-06-09 13:00:00,NULL,14.6,8.0
804,2019-06-09 14:00:00,NULL,14.6,13.0
805,2019-06-09 15:00:00,NULL,10.2,17.0
806,2019-06-09 16:00:00,NULL,7.9,19.0
807,2019-06-09 17:00:00,NULL,7.2,24.0
808,2019-06-09 18:00:00,NULL,10.3,26.0
809,2019-06-09 19:00:00,NULL,13.0,20.0
810,2019-06-09 20:00:00,NULL,19.5,21.0
811,2019-06-09 21:00:00,NULL,30.6,21.0
812,2019-06-09 22:00:00,NULL,33.2,22.0
813,2019-06-09 23:00:00,NULL,30.9,NULL
814,2019-06-10 00:00:00,NULL,37.1,24.0
815,2019-06-10 01:00:00,NULL,39.9,21.0
816,2019-06-10 02:00:00,NULL,28.1,21.0
817,2019-06-10 03:00:00,18.5,19.3,25.0
818,2019-06-10 04:00:00,NULL,17.8,25.0
819,2019-06-10 05:00:00,NULL,18.0,24.0
820,2019-06-10 06:00:00,NULL,13.7,24.0
821,2019-06-10 07:00:00,NULL,21.3,24.0
822,2019-06-10 08:00:00,NULL,26.7,22.0
823,2019-06-10 09:00:00,NULL,23.0,27.0
824,2019-06-10 10:00:00,NULL,16.9,34.0
825,2019-06-10 11:00:00,NULL,18.5,45.0
826,2019-06-10 12:00:00,NULL,14.1,41.0
827,2019-06-10 13:00:00,NULL,12.2,45.0
828,2019-06-10 14:00:00,NULL,11.7,51.0
829,2019-06-10 15:00:00,NULL,9.6,40.0
830,2019-06-10 16:00:00,NULL,9.5,40.0
831,2019-06-10 17:00:00,NULL,11.7,31.0
832,2019-06-10 18:00:00,NULL,15.1,28.0
833,2019-06-10 19:00:00,NULL,19.1,26.0
834,2019-06-10 20:00:00,NULL,18.4,25.0
835,2019-06-10 21:00:00,NULL,22.3,26.0
836,2019-06-10 22:00:00,NULL,22.6,24.0
837,2019-06-10 23:00:00,NULL,23.5,23.0
838,2019-06-11 00:00:00,NULL,24.8,23.0
839,2019-06-11 01:00:00,NULL,24.1,15.0
840,2019-06-11 02:00:00,NULL,19.6,15.0
841,2019-06-11 03:00:00,7.5,19.1,16.0
842,2019-06-11 04:00:00,NULL,29.6,16.0
843,2019-06-11 05:00:00,NULL,32.3,13.0
844,2019-06-11 06:00:00,NULL,52.7,13.0
845,2019-06-11 07:00:00,NULL,58.7,17.0
846,2019-06-11 08:00:00,NULL,55.4,18.0
847,2019-06-11 09:00:00,NULL,58.0,21.0
848,2019-06-11 10:00:00,NULL,43.6,23.0
849,2019-06-11 11:00:00,NULL,31.7,22.0
850,2019-06-11 12:00:00,NULL,22.1,22.0
851,2019-06-11 13:00:00,NULL,17.3,23.0
852,2019-06-11 14:00:00,NULL,12.6,26.0
853,2019-06-11 15:00:00,NULL,13.1,35.0
854,2019-06-11 16:00:00,NULL,16.6,31.0
855,2019-06-11 17:00:00,NULL,19.8,31.0
856,2019-06-11 18:00:00,NULL,22.6,30.0
857,2019-06-11 19:00:00,NULL,35.5,31.0
858,2019-06-11 20:00:00,NULL,44.6,30.0
859,2019-06-11 21:00:00,NULL,36.1,22.0
860,2019-06-11 22:00:00,NULL,42.7,22.0
861,2019-06-11 23:00:00,NULL,54.1,20.0
862,2019-06-12 00:00:00,NULL,59.4,20.0
863,2019-06-12 01:00:00,NULL,41.5,15.0
864,2019-06-12 02:00:00,NULL,37.2,NULL
865,2019-06-12 03:00:00,21.0,41.9,NULL
866,2019-06-12 04:00:00,NULL,34.7,11.0
867,2019-06-12 05:00:00,NULL,36.3,9.0
868,2019-06-12 06:00:00,NULL,44.9,9.0
869,2019-06-12 07:00:00,NULL,42.7,12.0
870,2019-06-12 08:00:00,NULL,38.4,17.0
871,2019-06-12 09:00:00,NULL,44.4,20.0
872,2019-06-12 10:00:00,NULL,35.5,22.0
873,2019-06-12 11:00:00,NULL,26.7,25.0
874,2019-06-12 12:00:00,NULL,0.0,35.0
875,2019-06-12 13:00:00,NULL,0.0,33.0
876,2019-06-12 14:00:00,NULL,15.4,33.0
877,2019-06-12 15:00:00,NULL,17.9,35.0
878,2019-06-12 16:00:00,NULL,20.3,42.0
879,2019-06-12 17:00:00,NULL,16.8,45.0
880,2019-06-12 18:00:00,NULL,23.6,43.0
881,2019-06-12 19:00:00,NULL,24.2,45.0
882,2019-06-12 20:00:00,NULL,25.3,33.0
883,2019-06-12 21:00:00,NULL,23.4,41.0
884,2019-06-12 22:00:00,NULL,29.2,43.0
885,2019-06-12 23:00:00,NULL,29.3,NULL
886,2019-06-13 00:00:00,NULL,25.6,35.0
887,2019-06-13 01:00:00,NULL,26.9,29.0
888,2019-06-13 02:00:00,NULL,20.0,NULL
889,2019-06-13 03:00:00,28.5,18.7,26.0
890,2019-06-13 04:00:00,NULL,18.0,26.0
891,2019-06-13 05:00:00,NULL,18.8,16.0
892,2019-06-13 06:00:00,NULL,24.6,16.0
893,2019-06-13 07:00:00,NULL,37.0,19.0
894,2019-06-13 08:00:00,NULL,39.8,21.0
895,2019-06-13 09:00:00,NULL,40.9,19.0
896,2019-06-13 10:00:00,NULL,35.3,16.0
897,2019-06-13 11:00:00,NULL,30.2,18.0
898,2019-06-13 12:00:00,NULL,24.5,19.0
899,2019-06-13 13:00:00,NULL,22.7,19.0
900,2019-06-13 14:00:00,NULL,17.9,16.0
901,2019-06-13 15:00:00,NULL,18.2,15.0
902,2019-06-13 16:00:00,NULL,19.4,13.0
903,2019-06-13 17:00:00,NULL,28.8,11.0
904,2019-06-13 18:00:00,NULL,36.1,15.0
905,2019-06-13 19:00:00,NULL,38.2,14.0
906,2019-06-13 20:00:00,NULL,24.0,13.0
907,2019-06-13 21:00:00,NULL,27.5,14.0
908,2019-06-13 22:00:00,NULL,31.5,15.0
909,2019-06-13 23:00:00,NULL,58.8,15.0
910,2019-06-14 00:00:00,NULL,77.9,15.0
911,2019-06-14 01:00:00,NULL,78.3,13.0
912,2019-06-14 02:00:00,NULL,74.2,NULL
913,2019-06-14 03:00:00,NULL,68.1,8.0
914,2019-06-14 04:00:00,NULL,66.6,8.0
915,2019-06-14 05:00:00,NULL,48.5,6.0
916,2019-06-14 06:00:00,NULL,37.9,6.0
917,2019-06-14 07:00:00,NULL,49.3,13.0
918,2019-06-14 08:00:00,NULL,64.3,11.0
919,2019-06-14 09:00:00,NULL,51.5,11.0
920,2019-06-14 10:00:00,NULL,34.3,14.0
921,2019-06-14 11:00:00,36.5,27.9,13.0
922,2019-06-14 12:00:00,NULL,25.1,13.0
923,2019-06-14 13:00:00,NULL,21.8,15.0
924,2019-06-14 14:00:00,NULL,17.1,16.0
925,2019-06-14 15:00:00,NULL,15.4,22.0
926,2019-06-14 16:00:00,NULL,14.2,25.0
927,2019-06-14 17:00:00,NULL,15.2,25.0
928,2019-06-14 18:00:00,NULL,18.9,26.0
929,2019-06-14 19:00:00,NULL,16.6,27.0
930,2019-06-14 20:00:00,NULL,19.0,26.0
931,2019-06-14 21:00:00,NULL,25.0,26.0
932,2019-06-14 22:00:00,NULL,41.9,25.0
933,2019-06-14 23:00:00,NULL,55.0,26.0
934,2019-06-15 00:00:00,NULL,35.3,26.0
935,2019-06-15 01:00:00,NULL,32.1,26.0
936,2019-06-15 02:00:00,NULL,29.6,NULL
937,2019-06-15 03:00:00,17.5,29.0,NULL
938,2019-06-15 04:00:00,NULL,33.9,NULL
939,2019-06-15 05:00:00,NULL,NULL,10.0
940,2019-06-15 06:00:00,NULL,NULL,10.0
941,2019-06-15 07:00:00,NULL,NULL,13.0
942,2019-06-15 08:00:00,NULL,35.8,13.0
943,2019-06-15 09:00:00,NULL,24.1,8.0
944,2019-06-15 10:00:00,NULL,17.6,8.0
945,2019-06-15 11:00:00,NULL,14.0,12.0
946,2019-06-15 12:00:00,NULL,12.1,14.0
947,2019-06-15 13:00:00,NULL,11.1,13.0
948,2019-06-15 14:00:00,NULL,9.4,18.0
949,2019-06-15 15:00:00,NULL,9.0,17.0
950,2019-06-15 16:00:00,NULL,9.6,18.0
951,2019-06-15 17:00:00,NULL,10.5,18.0
952,2019-06-15 18:00:00,NULL,10.7,20.0
953,2019-06-15 19:00:00,NULL,11.1,22.0
954,2019-06-15 20:00:00,NULL,14.0,22.0
955,2019-06-15 21:00:00,NULL,14.2,21.0
956,2019-06-15 22:00:00,NULL,15.2,20.0
957,2019-06-15 23:00:00,NULL,17.2,19.0
958,2019-06-16 00:00:00,NULL,20.1,19.0
959,2019-06-16 01:00:00,NULL,22.6,15.0
960,2019-06-16 02:00:00,NULL,16.5,15.0
961,2019-06-16 03:00:00,42.5,12.8,12.0
962,2019-06-16 04:00:00,NULL,11.4,12.0
963,2019-06-16 05:00:00,NULL,11.2,10.0
964,2019-06-16 06:00:00,NULL,11.7,10.0
965,2019-06-16 07:00:00,NULL,14.0,8.0
966,2019-06-16 08:00:00,NULL,11.6,5.0
967,2019-06-16 09:00:00,NULL,10.2,4.0
968,2019-06-16 10:00:00,NULL,9.9,5.0
969,2019-06-16 11:00:00,NULL,9.4,6.0
970,2019-06-16 12:00:00,NULL,8.7,6.0
971,2019-06-16 13:00:00,NULL,12.9,10.0
972,2019-06-16 14:00:00,NULL,11.2,16.0
973,2019-06-16 15:00:00,NULL,8.7,23.0
974,2019-06-16 16:00:00,NULL,8.1,26.0
975,2019-06-16 17:00:00,NULL,8.4,29.0
976,2019-06-16 18:00:00,NULL,9.2,29.0
977,2019-06-16 19:00:00,NULL,11.8,28.0
978,2019-06-16 20:00:00,NULL,12.3,28.0
979,2019-06-16 21:00:00,NULL,14.4,27.0
980,2019-06-16 22:00:00,NULL,23.3,25.0
981,2019-06-16 23:00:00,NULL,42.7,NULL
982,2019-06-17 00:00:00,NULL,56.6,23.0
983,2019-06-17 01:00:00,NULL,67.3,17.0
984,2019-06-17 02:00:00,NULL,69.3,17.0
985,2019-06-17 03:00:00,42.0,58.8,14.0
986,2019-06-17 04:00:00,35.5,53.1,14.0
987,2019-06-17 05:00:00,36.0,49.1,11.0
988,2019-06-17 06:00:00,39.5,45.7,11.0
989,2019-06-17 07:00:00,42.5,44.8,12.0
990,2019-06-17 08:00:00,43.5,52.3,13.0
991,2019-06-17 09:00:00,45.0,54.4,13.0
992,2019-06-17 10:00:00,41.0,51.6,11.0
993,2019-06-17 11:00:00,NULL,30.4,11.0
994,2019-06-17 12:00:00,NULL,16.0,11.0
995,2019-06-17 13:00:00,NULL,15.2,NULL
996,2019-06-17 14:00:00,NULL,10.1,NULL
997,2019-06-17 15:00:00,NULL,9.6,NULL
998,2019-06-17 16:00:00,NULL,11.5,NULL
999,2019-06-17 17:00:00,NULL,13.1,NULL
1000,2019-06-17 18:00:00,NULL,11.9,NULL
1001,2019-06-17 19:00:00,NULL,14.9,NULL
1002,2019-06-17 20:00:00,NULL,15.4,NULL
1003,2019-06-17 21:00:00,NULL,15.2,NULL
1004,2019-06-17 22:00:00,NULL,20.5,NULL
1005,2019-06-17 23:00:00,NULL,38.3,NULL
1006,2019-06-18 00:00:00,NULL,51.0,NULL
1007,2019-06-18 01:00:00,NULL,73.3,NULL
1008,2019-06-18 02:00:00,NULL,66.2,NULL
1009,2019-06-18 03:00:00,NULL,60.1,NULL
1010,2019-06-18 04:00:00,NULL,39.8,NULL
1011,2019-06-18 05:00:00,NULL,45.5,NULL
1012,2019-06-18 06:00:00,NULL,26.5,NULL
1013,2019-06-18 07:00:00,NULL,33.8,NULL
1014,2019-06-18 08:00:00,NULL,51.4,NULL
1015,2019-06-18 09:00:00,NULL,52.6,NULL
1016,2019-06-18 10:00:00,NULL,49.6,NULL
1017,2019-06-18 21:00:00,NULL,15.3,NULL
1018,2019-06-18 22:00:00,NULL,17.0,NULL
1019,2019-06-18 23:00:00,NULL,23.1,NULL
1020,2019-06-19 00:00:00,NULL,39.3,NULL
1021,2019-06-19 11:00:00,NULL,27.3,NULL
1022,2019-06-19 12:00:00,NULL,26.6,NULL
1023,2019-06-20 15:00:00,NULL,19.4,NULL
1024,2019-06-20 16:00:00,NULL,20.1,NULL
1025,2019-06-20 17:00:00,NULL,19.3,NULL
1026,2019-06-20 18:00:00,NULL,19.0,NULL
1027,2019-06-20 19:00:00,NULL,23.2,NULL
1028,2019-06-20 20:00:00,NULL,23.9,NULL
1029,2019-06-20 21:00:00,NULL,25.3,NULL
1030,2019-06-20 22:00:00,NULL,21.4,NULL
1031,2019-06-20 23:00:00,NULL,24.9,NULL
1032,2019-06-21 00:00:00,NULL,26.5,NULL
1033,2019-06-21 01:00:00,NULL,21.8,NULL
1034,2019-06-21 02:00:00,NULL,20.0,NULL
